,meeting,MeanPortion,MinPortion,MaxPortion,StdDevPortion,meanOverlap,stdOverlap,overlaps/turns,pairsOverlap,meanPauseTime,stdPauseTime,pauseFreq,meanLSM,stdLSM,minLSM,maxLSM,meanWPS,stdWPS,minWPS,maxWPS
0,TS3010a,0.15026879638950025,0.07318341205490968,0.3190049002798579,0.11493241670772303,0.30884057971014456,0.4067248536349474,0.359375,0.0,5.495352112676062,16.45821730590926,0.07512909506475916,0.5690478786657575,0.07642063014138487,0.4395583195476309,0.6561467913305101,3.0659086906850828,0.4828211592414932,2.493784808228257,3.662202515393941
1,TS3010b,0.21969111551825693,0.09295715281568007,0.28777161137620005,0.08654413887962677,0.24256578947368312,0.20563742511996735,0.41304347826086957,0.16666666666666666,2.46290909090909,3.070689028691412,0.05618838432854881,0.6860564195177261,0.19330881926595833,0.4856032994506262,0.9005714836234784,2.998959212204455,0.4159345616886601,2.5796982349142183,3.5531740947252466
2,TS3010c,0.2090383780520055,0.11293356819576722,0.32971392358321466,0.11168011068444332,0.2647552631578916,0.31283694758928043,0.5135135135135135,0.6666666666666666,2.770624999999997,6.243229760781838,0.07799133321309669,0.6174764028134914,0.16149478642952272,0.44241814171418586,0.8130946989967869,3.7213348532145076,0.31369431928126,3.3044149796974316,4.026699746345931
3,TS3010d,0.2016782087525072,0.06695913887278222,0.29746769757666935,0.10844038523922205,0.28778515625000245,0.2784832390745724,0.42174629324546953,0.5,2.5344940476190465,3.123363145918475,0.09429874290794872,0.6310057850486287,0.14345678709812038,0.400103016496908,0.7859690359986535,3.291221535245061,0.39777413584229115,2.852487961355503,3.7126400574257463
