,meeting,MeanPortion,MinPortion,MaxPortion,StdDevPortion,meanOverlap,stdOverlap,overlaps/turns,pairsOverlap,meanPauseTime,stdPauseTime,pauseFreq,meanLSM,stdLSM,minLSM,maxLSM,meanWPS,stdWPS,minWPS,maxWPS
0,TS3012a,0.21433253551110742,0.0955943374667742,0.48267442839445285,0.18297872552170263,0.24595375722543306,0.28072546829037165,0.5195195195195195,0.3333333333333333,3.2609803921568603,4.5297312303941215,0.06117895443967275,0.5371900829149608,0.173473965678115,0.27449498484223145,0.7616986944824234,3.894738629515871,0.7144028821996938,3.1981296036866254,4.790332584862554
1,TS3012b,0.27111512698889806,0.17918309062932042,0.5078659886105471,0.15818901982145966,0.20364152046783418,0.19903655193572964,0.6937119675456389,0.8333333333333334,1.5000634920634852,1.9019108191333403,0.051288230083884744,0.6450733793207579,0.1782644864859637,0.4050945547516485,0.8521677556586289,4.051119810134417,0.8326543061543379,3.1510526967186188,4.838050733371477
2,TS3012c,0.26862876127275054,0.13177787990066803,0.5194930582198855,0.17161318783710575,0.18024237644584415,0.1800177547857857,0.6984943077488065,1.0,1.432178807947033,1.4128242735084002,0.06354068918503807,0.6026095934170554,0.17975270455590592,0.3192171000161552,0.8808637261814227,4.167738513563086,0.43524080244275054,3.722099582197701,4.701444736568968
3,TS3012d,0.24285207597115846,0.13811317816715857,0.5363008395582916,0.19585911449378168,0.1981606039807833,0.19876657857918695,0.6631770596267638,1.0,2.4492173913043502,4.026613135899178,0.06926548470781582,0.5968270265274018,0.24081949076585038,0.3054070153390112,0.8798358796210825,4.040683591827907,0.6675409593006942,3.252049979827521,4.820216938903821
