,meeting,MeanPortion,MinPortion,MaxPortion,StdDevPortion,meanOverlap,stdOverlap,overlaps/turns,pairsOverlap,meanPauseTime,stdPauseTime,pauseFreq,meanLSM,stdLSM,minLSM,maxLSM,meanWPS,stdWPS,minWPS,maxWPS
0,IS1004a,0.2314014492555101,0.12289905894278316,0.3855594975548949,0.11053582767460991,0.3132876712328766,0.31993078589369534,0.553030303030303,0.0,4.286666666666663,5.3710202777060365,0.02347938379661636,0.5644914985797169,0.1478760224886239,0.4089376637683968,0.734904421047982,3.311782455320909,0.58943351623213,2.5751877318558316,4.012649368442263
1,IS1004b,0.256956935522246,0.17386628598620027,0.37686414465857676,0.09700520981699981,0.251738410596026,0.2514847277140755,0.6651982378854625,1.0,1.3801298701298637,1.379172610000285,0.035940665229040054,0.7201682758996215,0.11962947609937977,0.5395225713968447,0.8506019305479621,3.52914418467784,0.4331903971116797,3.0679337706961842,4.089183473406032
2,IS1004c,0.25626834183086955,0.19412700774019573,0.37893602730030734,0.08352153739334131,0.2550448430493271,0.3097290699180109,0.6259649122807017,1.0,1.337464788732404,1.3660017946571923,0.06309372528458825,0.7368022244510989,0.07363844627094522,0.6254060608759726,0.8315677762583426,3.7502569187788706,0.5964927459746602,2.907080253446041,4.208946517127147
3,IS1004d,0.2450432602471565,0.1576316519499828,0.3538651578357832,0.0930583033849163,0.2528100113765638,0.28821886313346345,0.5911230665770006,1.0,1.599600000000002,1.5107874022219872,0.09039676431239055,0.7564486873405153,0.11883700922196291,0.5833611393345218,0.8919747073540621,3.752065406851364,0.44644054644275977,3.3433247726332342,4.138819371210541
