,meeting,MeanPortion,MinPortion,MaxPortion,StdDevPortion,meanOverlap,stdOverlap,overlaps/turns,pairsOverlap,meanPauseTime,stdPauseTime,pauseFreq,meanLSM,stdLSM,minLSM,maxLSM,meanWPS,stdWPS,minWPS,maxWPS
0,TS3008a,0.2167587257383316,0.05067351852849081,0.4960496657409469,0.19434707045429012,0.27579999999999666,0.35906081891400504,0.5681818181818182,0.5,3.223870967741927,5.1389825232699575,0.07027247585800425,0.446897587961325,0.19939020561945076,0.17167167476300085,0.7145186490011147,3.235349932008438,0.9769267891756322,1.7867726088332159,3.8770370120134547
1,TS3008b,0.2646101688968416,0.10480726637983587,0.544140801459591,0.1966282234572513,0.2072307692307684,0.20699658380684693,0.6716417910447762,0.6666666666666666,1.3619626168224261,1.9150577306694774,0.046787001084408995,0.5633334262763671,0.2163200761511782,0.2638524991702737,0.8360739219173141,3.7813151365173554,0.376412802189992,3.484233965737508,4.293275701296713
2,TS3008c,0.27639693870700655,0.19686262223913048,0.370103161993422,0.07479007219338145,0.21344002486016184,0.24574030763190685,0.7234712230215827,1.0,1.3689600000000117,2.474421947484608,0.053670181705767185,0.7555509955328186,0.1292399566554626,0.6149570971831919,0.9248473433468161,4.012494425854014,0.3743044906332514,3.510055154578362,4.396475691889334
3,TS3008d,0.2594021016178294,0.11050734600150007,0.444602156610658,0.13818835021381187,0.20158637469586393,0.20063558746492804,0.6947261663286004,1.0,1.790142857142874,2.752520750056351,0.07336942771846379,0.608713526727124,0.15285798895240843,0.35284632236604996,0.8015197350917435,4.134536215632854,0.37830420614569626,3.575527275375909,4.4107688499081075
