,meeting,MeanPortion,MinPortion,MaxPortion,StdDevPortion,meanOverlap,stdOverlap,overlaps/turns,pairsOverlap,meanPauseTime,stdPauseTime,pauseFreq,meanLSM,stdLSM,minLSM,maxLSM,meanWPS,stdWPS,minWPS,maxWPS
0,EN2003a,0.3236467543670478,0.14949500395370566,0.6716132916397097,0.3013479080436005,0.23907715582450717,0.2645440247060161,0.583922261484099,1.0,2.0769747899159547,2.4417295740762173,0.053120968497926496,0.5194974942116757,0.2781980132536212,0.32504437891654014,0.8381628109830124,4.103863447719682,0.8778251831669212,3.541558349614582,5.11538356497731
