,meeting,MeanPortion,MinPortion,MaxPortion,StdDevPortion,meanOverlap,stdOverlap,overlaps/turns,pairsOverlap,meanPauseTime,stdPauseTime,pauseFreq,meanLSM,stdLSM,minLSM,maxLSM,meanWPS,stdWPS,minWPS,maxWPS
0,IB4011.,0.24553389528369185,0.15985323079012675,0.3027838613289871,0.06783490008698381,0.22488062015503982,0.227252499861226,0.6131178707224335,1.0,1.2864052287581529,2.190591308774359,0.06411089088996812,0.8920949316402313,0.031394395780669916,0.850954755217145,0.9420491533348532,4.155949671280935,0.37259667345233466,3.752729935263259,4.591812766228072
