,meeting,MeanPortion,MinPortion,MaxPortion,StdDevPortion,meanOverlap,stdOverlap,overlaps/turns,pairsOverlap,meanPauseTime,stdPauseTime,pauseFreq,meanLSM,stdLSM,minLSM,maxLSM,meanWPS,stdWPS,minWPS,maxWPS
0,EN2002a,0.30491479925303444,0.24084967320261447,0.42628851540616297,0.08417403511057003,0.2588055130168463,0.34838471926183506,0.7046762589928057,1.0,1.2782580645161241,0.9208515175563604,0.07234978085017994,0.7625811536042142,0.1137364176584602,0.5697001491045801,0.9124374877139214,4.533785846262953,0.7444249434693155,3.5457979966522792,5.274469847844958
1,EN2002b,0.28012748932445264,0.17041035626308168,0.4569863813120403,0.1255637751131327,0.2847352071005915,0.3539449760104464,0.7214514407684098,1.0,2.58303921568627,4.816675520289256,0.057092002082178905,0.6634655831452321,0.14379492725835824,0.4381059847009716,0.8791383852974843,4.321442725388854,0.6086454122664043,3.47358575310288,4.920568596789112
2,EN2002c,0.3972271213694998,0.37456517647386983,0.43468758931745727,0.032679096452187785,0.2941156946420126,0.4169221027234323,0.7561850125493008,1.0,1.608222222222203,2.036956504443588,0.046718622388948104,0.8633335146061756,0.0680930916549177,0.8167471865074488,0.9414806179564985,4.639226362727119,0.3682242331002721,4.23526632523119,4.956103300154389
3,EN2002d,0.3136318310103975,0.18124848479304037,0.4265542020977334,0.10129885141968524,0.30158736842105327,0.4235483640522433,0.7285276073619632,1.0,1.521438356164377,1.990006213723111,0.066127680775415,0.6875476420643265,0.215268717580471,0.45362685260848984,0.8934402153367179,4.3767550880965835,0.5891606527251125,3.6015105653690402,4.992959907573556
