,meeting,MeanPortion,MinPortion,MaxPortion,StdDevPortion,meanOverlap,stdOverlap,overlaps/turns,pairsOverlap,meanPauseTime,stdPauseTime,pauseFreq,meanLSM,stdLSM,minLSM,maxLSM,meanWPS,stdWPS,minWPS,maxWPS
0,EN2001a,0.199409346042193,0.046141428635486585,0.5465444130990421,0.20401972557794681,0.24567100130038405,0.3193443404222165,0.5989096573208723,0.6,1.5263602941176655,1.666698458518497,0.05299489339648558,0.47929237096707866,0.23161979649161316,0.13707715367231105,0.8152053118253684,3.9372695310235106,0.585788025032237,3.188964416184519,4.692644122881524
1,EN2001b,0.24289378258682331,0.027232624480573345,0.5208570207247111,0.20645058982730932,0.24167556029882695,0.24082494744146093,0.599488163787588,1.0,1.9033701657458457,2.396675899610052,0.05258601153986949,0.4311862696659282,0.26774004838296034,0.11519437743324024,0.8821461148276852,3.98843377375056,1.2226479574325415,3.06318568621963,5.6441648579430055
2,EN2001d,0.19388975238823997,0.048326737526751706,0.49802723609799227,0.19274020536197517,0.2593996415770622,0.3248148113433741,0.6262626262626263,0.7,1.8343819742489234,2.143669978906922,0.06921340304182509,0.49097595561144125,0.2913922520817215,0.17919587926096703,0.8556639372349536,4.081209942914529,0.7542318149174755,3.1599743157829336,5.21669206189281
3,EN2001e,0.20765120245435886,0.03385592749952076,0.5158165891269461,0.19689533262711403,0.2873259820813209,0.4169255493039479,0.6471900089206066,0.5,1.6942857142857246,1.6081547318816283,0.045918084156242586,0.3927668883688939,0.23634562252833227,0.09870491554358371,0.7389232694065381,3.9891596482552436,0.9056790558747467,3.1381201645123866,5.330319397709981
