,meeting,MeanPortion,MinPortion,MaxPortion,StdDevPortion,meanOverlap,stdOverlap,overlaps/turns,pairsOverlap,meanPauseTime,stdPauseTime,pauseFreq,meanLSM,stdLSM,minLSM,maxLSM,meanWPS,stdWPS,minWPS,maxWPS
0,ES2005a,0.24264657874118567,0.11527161138678496,0.46255549751893427,0.1515113612621975,0.2535537190082646,0.30826357635453167,0.5845410628019324,0.3333333333333333,2.5564999999999984,5.1501898534244255,0.06527415143603134,0.6076529520572732,0.08050405356462832,0.4721253831634815,0.6804974032156559,3.6078622252033647,0.3403872793000701,3.212362205559876,3.906136531130604
1,ES2005b,0.25990924688852707,0.20476932858374686,0.38762552583676707,0.08611247085087095,0.2957881462799507,0.349297513648649,0.603041825095057,0.8333333333333334,1.542926829268288,1.6339054749769144,0.05350408240498676,0.8315491057829554,0.038867425947233775,0.7800941735068796,0.877214344559263,3.469519284681583,0.3026946457943185,3.1149032607819476,3.813482764821661
2,ES2005c,0.2739518431123015,0.20578253837792035,0.330387711995475,0.06015666181633445,0.2771693344566127,0.326480915726635,0.6227701993704092,1.0,1.363356643356645,1.277219109471808,0.06230258141814617,0.8053092808991965,0.03607044847471163,0.7620579791045611,0.8573546045915992,3.892570216159498,0.2184345582303852,3.608947699513327,4.090636535304484
3,ES2005d,0.23828625455799726,0.10701438848920856,0.33683601064353985,0.09742028650349091,0.32712121212121337,0.33061896388361167,0.5795121951219512,1.0,2.7321818181818247,8.963485087886701,0.06607559047550397,0.6894577838612758,0.15577879879898052,0.476247981310692,0.902185209693924,3.777575908587043,0.633736932813019,2.9148869539479696,4.2615917689600264
