,meeting,MeanPortion,MinPortion,MaxPortion,StdDevPortion,meanOverlap,stdOverlap,overlaps/turns,pairsOverlap,meanPauseTime,stdPauseTime,pauseFreq,meanLSM,stdLSM,minLSM,maxLSM,meanWPS,stdWPS,minWPS,maxWPS
0,TS3011a,0.22853280729772907,0.019218796524375564,0.4875686868960294,0.19351983332744443,0.24008746355685356,0.2394431733489775,0.5965217391304348,0.5,3.3799999999999937,5.297633143496909,0.04434440823730978,0.4040524420229555,0.3383708173643651,0.06238447291238209,0.7683115139611478,3.4612260221943036,0.30796534192523023,3.1198542388694057,3.838276885973669
1,TS3011b,0.25941883767535034,0.11585469790155037,0.37901550226890524,0.1217425709064172,0.23678207739307292,0.26391746339871275,0.6507620941020543,0.8333333333333334,1.640113207547178,2.366923863908203,0.048665151619493606,0.6063311712859473,0.16847642188183093,0.35493347901461964,0.8120742265617837,3.4553712865735715,0.23277591318357496,3.2513246061026697,3.7734785573308605
2,TS3011c,0.24855992774791283,0.07553627296769409,0.3754731820303178,0.13673616384105566,0.24197263397947566,0.2629666700741397,0.6309352517985611,0.6666666666666666,1.9870161290322639,4.382848540968652,0.053532497247825245,0.5515288047893476,0.24342959393901611,0.24622087509185953,0.8278774332113827,3.481621753258211,0.18433888548947738,3.381382398328718,3.7576709005916644
3,TS3011d,0.24161020524010618,0.08321572344403387,0.40325696936240635,0.14457741753109793,0.2662909567496708,0.375294466026944,0.5837796480489671,0.8333333333333334,1.7462666666666589,2.1994958461510685,0.07653508507454518,0.5752822754886259,0.17264701185870804,0.3812795629727492,0.8520811411360623,3.5293458747455118,0.23703528781579436,3.2536899670715775,3.755220905012167
