,meeting,MeanPortion,MinPortion,MaxPortion,StdDevPortion,meanOverlap,stdOverlap,overlaps/turns,pairsOverlap,meanPauseTime,stdPauseTime,pauseFreq,meanLSM,stdLSM,minLSM,maxLSM,meanWPS,stdWPS,minWPS,maxWPS
0,IN1007.,0.3072023887372435,0.11349666074615365,0.47401963472823955,0.15795207237680461,0.291209429824563,0.3652636616351818,0.7218045112781954,1.0,1.016249999999989,0.5754858363176225,0.03873243883853204,0.5296342744531335,0.2551572870090326,0.23235902735625677,0.8865861078251486,3.644307220110371,0.2091958756810768,3.5041560580269144,3.94965468803016
