,meeting,MeanPortion,MinPortion,MaxPortion,StdDevPortion,meanOverlap,stdOverlap,overlaps/turns,pairsOverlap,meanPauseTime,stdPauseTime,pauseFreq,meanLSM,stdLSM,minLSM,maxLSM,meanWPS,stdWPS,minWPS,maxWPS
0,ES2008a,0.21784387537768102,0.1381049086136013,0.3928178711179358,0.11973905331820266,0.24844827586207172,0.25255771083328105,0.44106463878326996,0.0,2.964727272727263,4.580941943630062,0.05282670918416351,0.7040021281291945,0.11345533101723024,0.5869291328264568,0.8312623262555487,3.961606164419807,0.38851912320108895,3.6099410911564993,4.511577981715893
1,ES2008b,0.22745347743282646,0.20122989376104222,0.27775406713935014,0.0342202431946934,0.21856512141280546,0.20275954266970092,0.49185667752442996,0.6666666666666666,2.411507936507927,3.803373043488711,0.056523026404328054,0.8595642382445878,0.03317311934521833,0.8235463115941922,0.9134616840759389,4.391339480457981,0.4534253131643056,3.9204902848698078,4.839346778926175
2,ES2008c,0.2493495934959349,0.17939570440480515,0.34290013347894666,0.06984419812857545,0.25667563930013576,0.28872871464253236,0.6489082969432315,0.8333333333333334,2.4225773195876386,4.606977334785813,0.046229220680189115,0.7904891894380609,0.07950111161815071,0.6965413126185234,0.8748816345267518,3.9617378900861167,0.08976011208193077,3.889706607135598,4.089071816920506
3,ES2008d,0.24377356156067911,0.11386879376408883,0.3178644478040148,0.09372059960201705,0.22744161358811038,0.24901919034736517,0.5486313337216074,0.8333333333333334,1.4274018691588641,1.5123521018587152,0.08159748039182042,0.7396505914604419,0.19051684118920795,0.529236442165254,0.9376238092462792,4.237206075375752,0.08340452577654102,4.135684963565773,4.333900270157794
