,meeting,MeanPortion,MinPortion,MaxPortion,StdDevPortion,meanOverlap,stdOverlap,overlaps/turns,pairsOverlap,meanPauseTime,stdPauseTime,pauseFreq,meanLSM,stdLSM,minLSM,maxLSM,meanWPS,stdWPS,minWPS,maxWPS
0,ES2003a,0.16710757985345373,0.05069538308316123,0.3109393896279433,0.10835709438653401,0.23784946236558863,0.2485910272540576,0.4869109947643979,0.0,9.961775000000006,23.694848183418614,0.03550222332673583,0.5668677075569061,0.1332890073356867,0.3169812355443525,0.6925635690916039,3.6698496256756297,0.6590190470455022,3.1979483544579006,4.5958902317053445
1,ES2003b,0.24574805591336313,0.09417012547111307,0.4028481465578939,0.12606325249973171,0.292990353697751,0.31640072066238945,0.5262267343485617,0.5,2.0497462686567083,2.365514181681419,0.031897926634768745,0.6239668335332509,0.17482046919374372,0.39102190951930704,0.8266497407155193,3.8841768183230014,0.3178035811344843,3.5001665772358157,4.263970228341262
2,ES2003c,0.24847192084795539,0.17141275326600414,0.32545295436077387,0.07712982990968287,0.2648024316109354,0.2527700931559594,0.5156739811912225,0.6666666666666666,1.3794698795180727,1.3896531971064072,0.03686349403744087,0.7074172560980223,0.1380232269968143,0.5199072979727535,0.871669110061189,3.439995548839877,0.3722741320768327,3.1414205947372276,3.944052026451331
3,ES2003d,0.24394620459653474,0.07131494662680611,0.41064307982309933,0.13995995983236748,0.2788662131519336,0.30171718058539365,0.49943374858437145,1.0,1.5512790697674377,1.678383341272679,0.0550141800115146,0.5522747369681612,0.2152559115733711,0.2528700153120821,0.8040470268722797,3.7490842235285906,0.307402141683267,3.484892354840504,4.122405226257601
