,meeting,MeanPortion,MinPortion,MaxPortion,StdDevPortion,meanOverlap,stdOverlap,overlaps/turns,pairsOverlap,meanPauseTime,stdPauseTime,pauseFreq,meanLSM,stdLSM,minLSM,maxLSM,meanWPS,stdWPS,minWPS,maxWPS
0,IS1008a,0.23668906248202387,0.09692709471819246,0.513489260362858,0.18781282459771406,0.23446153846153642,0.20440900455924477,0.4482758620689655,0.3333333333333333,1.628444444444444,1.7045540013253753,0.04980630879911455,0.5908740896813502,0.19529491032683768,0.3049434926602073,0.8584789256642965,3.895155475239404,0.14631497312143996,3.709836669645107,4.0316122982883345
1,IS1008b,0.2319217456203759,0.1561444027197446,0.29206114137621,0.06464432008816248,0.25380392156863174,0.2739677131681354,0.5604395604395604,0.5,3.41909090909091,4.700718334675346,0.03168002027521298,0.823285295569788,0.05409289740819137,0.7451492498158099,0.8743279275324394,3.8141171393456768,0.14416417070683588,3.6699258439712814,4.0045869634272835
2,IS1008c,0.2518177147002328,0.18083784473609973,0.36547064117892064,0.08431217892383712,0.3149433427762077,0.4479993369099434,0.610726643598616,0.6666666666666666,1.5114666666666552,1.5114005437353737,0.04948535233570863,0.7458914762741002,0.0743324398901689,0.6801974346281018,0.8769552490462568,3.8613174961041397,0.2673415259494448,3.526270035299595,4.144670374986678
3,IS1008d,0.25498116767507695,0.22129223086798983,0.2981820245281275,0.03253663065248019,0.2530492424242419,0.2866868608854582,0.6006825938566553,1.0,1.6045569620253106,1.8682041270094796,0.05484511461934713,0.8385784392916095,0.0398555863831893,0.7910216543179176,0.9097880058724042,4.0777424747231485,0.2536701680143585,3.800653471847018,4.331940443754612
