,meeting,MeanPortion,MinPortion,MaxPortion,StdDevPortion,meanOverlap,stdOverlap,overlaps/turns,pairsOverlap,meanPauseTime,stdPauseTime,pauseFreq,meanLSM,stdLSM,minLSM,maxLSM,meanWPS,stdWPS,minWPS,maxWPS
0,TS3004a,0.20783574192768173,0.09289968557262065,0.3905928770105216,0.12917118037029884,0.2132892249527397,0.21453913231985577,0.6129779837775203,0.6666666666666666,3.0335593220338986,3.6900699563525317,0.08877253167223376,0.4947901980621578,0.16396865043943187,0.23581515647028764,0.7502874795583424,3.8163735788976476,0.5057249217814354,3.202688990694821,4.2802827521908196
1,TS3004b,0.25729403324166017,0.24190343914127208,0.2748737571169722,0.014205419909074098,0.20541850220264657,0.19242574832075732,0.6751933372992267,1.0,1.7874774774774704,2.278008088607415,0.05024784409587831,0.8333592548098377,0.06703594943444964,0.7284067535750358,0.9059382843107423,4.00102437169113,0.4223317152674165,3.5803468387710073,4.583004470613259
2,TS3004c,0.2477468493287293,0.1937231730677343,0.29671366184249304,0.044902468988365606,0.21204512372634637,0.19600034410379302,0.6545974273463554,1.0,1.6323039215686301,2.4710194313945277,0.08317398448234388,0.839614151715623,0.059807172108432415,0.7472803330999773,0.9057243530335684,3.9598529639684896,0.5531645256843843,3.311574212532989,4.664049896636858
3,TS3004d,0.2098013894325568,0.16730626415315195,0.24840771321643748,0.04362968893270992,0.2262634822804302,0.2318248778895965,0.5970561177552898,1.0,2.797286245353163,6.042503286409155,0.09816658394885121,0.8413068848531118,0.0632152213524731,0.7436167698461239,0.907516506505061,3.9140542451260134,0.3294175277514081,3.5318317372830927,4.298971299236087
