,meeting,MeanPortion,MinPortion,MaxPortion,StdDevPortion,meanOverlap,stdOverlap,overlaps/turns,pairsOverlap,meanPauseTime,stdPauseTime,pauseFreq,meanLSM,stdLSM,minLSM,maxLSM,meanWPS,stdWPS,minWPS,maxWPS
0,ES2009a,0.25425385640012027,0.08182586401982268,0.6285323479282138,0.25370938684679956,0.2715728155339784,0.2983039802436647,0.5793025871766029,0.6666666666666666,2.0399999999999996,2.710575150601583,0.04933328566832302,0.48291818026972,0.22323013071315254,0.19429367658086422,0.7872887354704714,3.9998269135308244,0.5602515745783867,3.2121507499203,4.538367102623958
1,ES2009b,0.24777165801257106,0.1571401543021714,0.45463782435339595,0.13937334600066484,0.2664265129682986,0.3342810803535134,0.5455974842767296,0.8333333333333334,2.1473214285714257,3.2471646323139582,0.03917070031616351,0.712165893291304,0.13388915477289917,0.5601677239590165,0.8472024633831395,3.8707836830326587,0.546083418248193,3.392699464571269,4.656723209967292
2,ES2009c,0.2509068535521429,0.1868066937609507,0.3563394971972315,0.07520757576267752,0.24814814814814776,0.302007413831612,0.534375,0.6666666666666666,1.708974358974355,2.211487475993677,0.03993712462942957,0.7300602094908004,0.09424312760741989,0.5788502752392157,0.8553051847239487,3.9747506399358983,0.332201018744293,3.504135951910666,4.286021327363648
3,ES2009d,0.26333155070000147,0.21187711289798894,0.3552294822086817,0.06716156368262638,0.2694612068965476,0.37944649776209116,0.5925925925925926,1.0,1.3039735099337841,1.154798152330924,0.07139817485460305,0.8625989942755262,0.053254930256549794,0.7819132166423974,0.9267663916590093,4.044270624004674,0.34180282728422373,3.6086387342892587,4.405245012862966
