,meeting,MeanPortion,MinPortion,MaxPortion,StdDevPortion,meanOverlap,stdOverlap,overlaps/turns,pairsOverlap,meanPauseTime,stdPauseTime,pauseFreq,meanLSM,stdLSM,minLSM,maxLSM,meanWPS,stdWPS,minWPS,maxWPS
0,EN2006a,0.222388698020887,0.05259322723792319,0.4062370665975938,0.1644895729263998,0.24520080321285015,0.27939318339808955,0.6060500695410292,0.6666666666666666,2.229193954659949,2.3329723303341567,0.11273412919274413,0.5518597222309836,0.21240378114567005,0.30694349762701223,0.8445541442850981,4.394907926455963,0.3459945518590427,4.068251605356792,4.881100404395524
1,EN2006b,0.22901288854939275,0.04306122312233201,0.4362403763040977,0.18834022784595797,0.27858635525506914,0.37188521802521346,0.6084517576664173,0.8333333333333334,2.2706465517241474,2.131545856712359,0.11638640285748686,0.48358456015409224,0.20679947103731064,0.20857461590751183,0.7143533776852472,4.331648257032192,0.34320842571023863,4.005445992814876,4.646085933879754
