,meeting,MeanPortion,MinPortion,MaxPortion,StdDevPortion,meanOverlap,stdOverlap,overlaps/turns,pairsOverlap,meanPauseTime,stdPauseTime,pauseFreq,meanLSM,stdLSM,minLSM,maxLSM,meanWPS,stdWPS,minWPS,maxWPS
0,ES2014a,0.22289327146171703,0.08481670533642667,0.5819211136890958,0.24015610584281102,0.33164179104477526,0.43877511329255225,0.47017543859649125,0.5,3.300384615384613,3.5120068345652693,0.04525989625039167,0.5769904348610323,0.2529600130971788,0.29930338309314564,0.8642746968806267,3.598866010696192,0.8304378430477861,2.3761077596141518,4.21604009063709
1,ES2014b,0.2335513944258361,0.13621701982681977,0.38581990823293055,0.11043991082696968,0.2480351437699641,0.3248745806660507,0.5685740236148955,0.8333333333333334,2.6717355371900733,4.771156337424209,0.05221391306599235,0.8171165123892359,0.08284416202438176,0.7355851049730975,0.931344241471728,4.221876583276437,0.8137548798537982,3.1238826700723856,5.074425878829289
2,ES2014c,0.2495371558455842,0.1456538475638815,0.35071626278549695,0.08601896344884429,0.258380462724936,0.36137931348511015,0.6106750392464678,0.8333333333333334,2.1340540540540593,4.251264277916395,0.04882640672836682,0.7355617370498091,0.15159428274350106,0.5683275336627284,0.9072075915340937,4.135709748910948,0.5230484810784318,3.41781463959961,4.596891712190564
3,ES2014d,0.2335923814103666,0.09251537114004069,0.4285920379212034,0.14608817959721562,0.2575790671217312,0.2853430821834117,0.5715214564369311,0.8333333333333334,2.336999999999998,3.467412207683047,0.06526249261503372,0.7207577391468423,0.1123567153197372,0.5306636923097412,0.8475459026796446,4.204248292453428,0.602311762857202,3.41773002406171,4.750666856727118
