,meeting,MeanPortion,MinPortion,MaxPortion,StdDevPortion,meanOverlap,stdOverlap,overlaps/turns,pairsOverlap,meanPauseTime,stdPauseTime,pauseFreq,meanLSM,stdLSM,minLSM,maxLSM,meanWPS,stdWPS,minWPS,maxWPS
0,ES2013a,0.20534619906446222,0.08108412337093851,0.5238262000650377,0.2127431557997763,0.3155725190839697,0.4669840391035332,0.4962121212121212,0.16666666666666666,3.6353846153846123,4.860236604237538,0.06323572331938904,0.5343118824338702,0.21097762797313738,0.3161194228411231,0.7509209943964515,3.4700944763687667,0.5885417779982702,3.011636179002813,4.3299384467054045
1,ES2013b,0.2404685687884817,0.15783965226246296,0.3105547017170008,0.0787339341972995,0.274065217391306,0.29986089020016155,0.5665024630541872,0.8333333333333334,2.370416666666662,4.065704552567983,0.04517476989101587,0.7845569065030129,0.0711736470465919,0.7289860820958595,0.9226766663181247,3.7663198809528886,0.6765772679804439,3.215518458976075,4.7341427848952655
2,ES2013c,0.24387162320577305,0.21873724611630724,0.26656593812141244,0.023088736036139233,0.2711086956521805,0.3038121429845667,0.5644171779141104,1.0,2.3610975609756015,3.2554012121538434,0.03477980565723229,0.812432582891629,0.06287315779008089,0.7164984214025253,0.8995962936482821,3.7255474315457326,0.21531051060818454,3.479810239797255,3.9522665438441265
3,ES2013d,0.22939594780767758,0.11133688303536687,0.31799975531524427,0.08925813732955283,0.24394250513347246,0.25003139881071396,0.5565714285714286,0.8333333333333334,2.4975862068965577,3.7865174135263824,0.061100225438762826,0.7887284802923573,0.08323176258092412,0.673089912076416,0.9100702254222663,3.9829354293612367,1.0643790247315998,2.8675202803968283,5.411700508353142
