,meeting,MeanPortion,MinPortion,MaxPortion,StdDevPortion,meanOverlap,stdOverlap,overlaps/turns,pairsOverlap,meanPauseTime,stdPauseTime,pauseFreq,meanLSM,stdLSM,minLSM,maxLSM,meanWPS,stdWPS,minWPS,maxWPS
0,IN1001.,0.3752253256224072,0.17876582167114416,0.5299189414290238,0.17926355022230892,0.3217110067814283,0.3667418385554814,0.6723956506488952,1.0,1.745375722543339,3.3230636087121037,0.0502471696030764,0.5637443316378568,0.31370310632644777,0.3643641890027698,0.9253414627322835,3.632187911645289,0.37230617800541355,3.277731351424565,4.020087263258997
