,meeting,MeanPortion,MinPortion,MaxPortion,StdDevPortion,meanOverlap,stdOverlap,overlaps/turns,pairsOverlap,meanPauseTime,stdPauseTime,pauseFreq,meanLSM,stdLSM,minLSM,maxLSM,meanWPS,stdWPS,minWPS,maxWPS
0,IB4001.,0.24219639360684878,0.08186671827330246,0.4776877191384735,0.1905388353694841,0.25542590431738627,0.2678175675126039,0.598463687150838,0.8333333333333334,2.1416197183098427,2.925294344727781,0.08046739087318452,0.48617558313546894,0.21493354691143526,0.2452908425278981,0.7734842945407636,4.331641807674947,0.7785090188210976,3.5688298380380257,5.378153254994406
