,meeting,MeanPortion,MinPortion,MaxPortion,StdDevPortion,meanOverlap,stdOverlap,overlaps/turns,pairsOverlap,meanPauseTime,stdPauseTime,pauseFreq,meanLSM,stdLSM,minLSM,maxLSM,meanWPS,stdWPS,minWPS,maxWPS
0,IB4003.,0.2751949191924408,0.04864460164196826,0.5288170599473332,0.21501209279514186,0.24656512605042336,0.2681448279400237,0.6652690426275332,0.6666666666666666,0.9937499999999923,0.6100624480134721,0.03228882352644404,0.4957029683058936,0.24644387918583716,0.22287350963497557,0.8416407113308748,4.161394485286771,0.3154616210641464,3.7706172948358287,4.490782348938449
