,meeting,MeanPortion,MinPortion,MaxPortion,StdDevPortion,meanOverlap,stdOverlap,overlaps/turns,pairsOverlap,meanPauseTime,stdPauseTime,pauseFreq,meanLSM,stdLSM,minLSM,maxLSM,meanWPS,stdWPS,minWPS,maxWPS
0,IS1007a,0.2437848288411235,0.11327192084612778,0.446798589787331,0.14245231617549212,0.3163987138263671,0.34575754398732855,0.557347670250896,0.5,2.0906363636363605,4.035234099152744,0.07160914427072597,0.6349924826579487,0.13767481009527532,0.48562367681561064,0.8262406644201993,3.5317626830111823,0.5393038075255739,2.9232253237669865,4.206762822967137
1,IS1007b,0.26548925468678575,0.15864034228231724,0.38798255927885555,0.1024621108869673,0.3299118236472954,0.3832050740210842,0.6070559610705596,1.0,1.6151506849315032,1.907786673312191,0.05783231796683752,0.713932121912101,0.13619200872383713,0.5237222613265351,0.869663135198429,3.071269593843552,0.3633554699805949,2.578153490631823,3.4062208252905997
2,IS1007c,0.2640348264633468,0.11788479866571386,0.3850567865935977,0.11704935675220128,0.27943030303030086,0.32962988998552983,0.642023346303502,1.0,2.1704533333333362,3.942045943941307,0.03628359255944462,0.7009695453300478,0.17180319370625255,0.47356618449479815,0.913358633949994,3.1109828155702415,0.35669714786513573,2.782912084951128,3.6064798984423505
3,IS1007d,0.2753698727452431,0.1224106333909892,0.42334857095791034,0.12363454227987336,0.3603670886075929,0.6226925400407789,0.6119287374128582,1.0,1.2411214953271066,1.3114152855359669,0.053710275729480915,0.6965883284806168,0.17080546122701332,0.479511741250001,0.890449997507324,3.169783758378105,0.3850321502441843,2.8222876660726866,3.7178428386010265
