,meeting,MeanPortion,MinPortion,MaxPortion,StdDevPortion,meanOverlap,stdOverlap,overlaps/turns,pairsOverlap,meanPauseTime,stdPauseTime,pauseFreq,meanLSM,stdLSM,minLSM,maxLSM,meanWPS,stdWPS,minWPS,maxWPS
0,IS1005a,0.20732296810914852,0.10680505566250913,0.39150414329957256,0.1339329963707047,0.30572916666666566,0.3799441810523339,0.5454545454545454,0.16666666666666666,4.602943396226422,6.813497177308861,0.05384318426559928,0.5358042246900934,0.17053824099587922,0.28901198967338365,0.7171715173208052,3.243544666385505,0.9410543729867429,2.1174758075942064,4.023190588303072
1,IS1005b,0.2489467537318726,0.18009447299859563,0.30065393472000884,0.05077166858270748,0.2789059829059835,0.2689321215635405,0.6151419558359621,0.8333333333333334,2.428117647058823,3.4609926645529896,0.03949061749387896,0.7887946380559314,0.04514649328772466,0.7048498817993422,0.8282106273616893,3.403659534787944,0.5089688976105697,2.8517424549434116,4.083039549598191
2,IS1005c,0.2451972921875953,0.14148421459210084,0.30638734727897354,0.07458485725880956,0.252686567164177,0.28220934545181253,0.6036036036036037,0.6666666666666666,1.9748039215686144,2.609658651625594,0.050826681017729546,0.694841324535334,0.15360870254032827,0.5113787697256148,0.8787525896133553,3.3921263697879276,0.32276966339282837,3.094254911159846,3.7388629254084553
