,meeting,MeanPortion,MinPortion,MaxPortion,StdDevPortion,meanOverlap,stdOverlap,overlaps/turns,pairsOverlap,meanPauseTime,stdPauseTime,pauseFreq,meanLSM,stdLSM,minLSM,maxLSM,meanWPS,stdWPS,minWPS,maxWPS
0,IB4002.,-0.12547220237551643,-0.6450730328930049,0.30849910555522714,0.4463012614822727,1.6461356435643566,42.67925691607391,0.6441326530612245,1.0,18.560609958506223,146.14334989807293,0.1293494420798961,0.6710523803704421,0.14433751408447415,0.5004695953257503,0.8757017985899522,4.020117753840712,0.48038711637530285,3.483034158105253,4.616825870677863
