,meeting,MeanPortion,MinPortion,MaxPortion,StdDevPortion,meanOverlap,stdOverlap,overlaps/turns,pairsOverlap,meanPauseTime,stdPauseTime,pauseFreq,meanLSM,stdLSM,minLSM,maxLSM,meanWPS,stdWPS,minWPS,maxWPS
0,IN1016.,0.26517833521558687,0.18161858623328392,0.3125542985073783,0.06126599459947206,0.2871286549707612,0.35773879387979074,0.7079617834394905,1.0,8.251535087719311,55.04606098052983,0.03206678893301979,0.6816273986038479,0.1378552964084416,0.4493146905080531,0.8635212029727574,3.684626168411222,0.48233973061149255,3.002986922478573,4.071488319991617
