,meeting,MeanPortion,MinPortion,MaxPortion,StdDevPortion,meanOverlap,stdOverlap,overlaps/turns,pairsOverlap,meanPauseTime,stdPauseTime,pauseFreq,meanLSM,stdLSM,minLSM,maxLSM,meanWPS,stdWPS,minWPS,maxWPS
0,IN1014.,0.27120257919973795,0.23760877583639647,0.3539459843444758,0.055331765640174516,0.27361329305136145,0.3031729431177234,0.7106054100472305,1.0,1.8719658119658147,2.301334930934299,0.03173793687134471,0.8494364346971465,0.045526389051716944,0.7799463832775856,0.9074302513657452,3.6896916923659755,0.3214872563094762,3.3205075569288014,4.065547535505246
