,meeting,MeanPortion,MinPortion,MaxPortion,StdDevPortion,meanOverlap,stdOverlap,overlaps/turns,pairsOverlap,meanPauseTime,stdPauseTime,pauseFreq,meanLSM,stdLSM,minLSM,maxLSM,meanWPS,stdWPS,minWPS,maxWPS
0,IS1003a,0.20430276424073993,0.11548323868594519,0.384778551962087,0.1237370802295751,0.27169491525423783,0.28223215156727127,0.4989429175475687,0.5,2.3362068965517238,2.8558179056418282,0.10610014878411668,0.5354355223666105,0.12358216839216982,0.38006634633018355,0.7320189685082413,4.094626293996568,0.6810929726207399,3.4414733960837345,4.875926771340206
1,IS1003b,0.2430514517270716,0.18092850788043355,0.37498782380559625,0.09032389446867796,0.2706802721088448,0.27554324820733905,0.5485074626865671,0.8333333333333334,1.5932432432432333,1.7002749307964353,0.06880264797218141,0.7388387743186813,0.0611297008549229,0.6519536287120092,0.8055593933733984,3.5260639324673386,0.3898123660187828,3.170651300350418,4.010540954343163
2,IS1003c,0.2563752099035423,0.19162171058137012,0.3230199331655971,0.05658275644269365,0.22177966101694976,0.23247204823390324,0.6191904047976012,1.0,1.3396491228070124,1.5618697269418138,0.06207223247684543,0.7791910657232552,0.07647459742042848,0.6930422581989782,0.9139437726559682,3.694056735320673,0.2677733145319981,3.4565614797268283,4.073203109555136
3,IS1003d,0.29577286142888504,0.21484498865770643,0.38962363099739045,0.07500144105647866,0.29981105169340366,0.3937227607281053,0.68,1.0,1.2404188481675404,1.1309734197913115,0.0915759696984226,0.8077860223317737,0.04722676017185818,0.7602755283186865,0.8808946227742822,3.8593839909341945,0.3831900575760363,3.2857333971292273,4.076109008721057
