,meeting,MeanPortion,MinPortion,MaxPortion,StdDevPortion,meanOverlap,stdOverlap,overlaps/turns,pairsOverlap,meanPauseTime,stdPauseTime,pauseFreq,meanLSM,stdLSM,minLSM,maxLSM,meanWPS,stdWPS,minWPS,maxWPS
0,TS3007a,0.21562951778198985,0.03978539531596358,0.49416904937835293,0.20313478491192535,0.27134048257372734,0.27559578550077296,0.49733333333333335,0.5,2.591102362204725,3.861829533599548,0.08087626568171687,0.44804330721842933,0.19418357630819336,0.1560420205125123,0.701638314369571,4.055559235457369,0.9294714830317443,3.333548746826214,5.419203152011253
1,TS3007b,0.24750125134494905,0.1832008418497033,0.3093797664418844,0.052421308312349646,0.2159470198675423,0.2152439793912522,0.6173344235486509,1.0,2.4354022988505903,4.629356980964401,0.034259656694612575,0.8279483220113337,0.07130132643369011,0.7385304906211034,0.910651012809383,3.6272104055644045,0.42559946506143287,3.105696573567499,4.019295757235097
2,TS3007c,0.27319982693615164,0.2605641057337702,0.302639223685024,0.019832047178286155,0.2943100189035918,0.3840952783999327,0.6419902912621359,1.0,1.4677777777777756,2.29771561603133,0.040738058399446955,0.8172795531750956,0.0438782974906585,0.7680354449389772,0.8687887678123727,3.804430488442122,0.21683657505963178,3.5489365749741664,4.071896067231092
3,TS3007d,0.2697480129548201,0.17404296456232293,0.37351935511779355,0.08185201565246591,0.24732523148148045,0.2850963542764415,0.6308871851040526,1.0,1.5420430107526775,2.1558032599097117,0.06742672780990012,0.8167477604165012,0.0752215769970779,0.7256571698846206,0.9320244954302631,3.9554614776885617,0.39701197352160456,3.5518404610601184,4.477687003333924
