,meeting,MeanPortion,MinPortion,MaxPortion,StdDevPortion,meanOverlap,stdOverlap,overlaps/turns,pairsOverlap,meanPauseTime,stdPauseTime,pauseFreq,meanLSM,stdLSM,minLSM,maxLSM,meanWPS,stdWPS,minWPS,maxWPS
0,EN2005a,0.2658052746223918,0.020665103759659485,0.3807962520432939,0.16964817845939656,0.2701975169300206,0.29458699363768065,0.678407350689127,0.8333333333333334,1.3866459627329348,1.648403373001961,0.03038974374462045,0.42176814455090017,0.38941553838559695,0.055906976153985447,0.9456323103592175,3.516439438289397,0.49214217301513513,2.859887955031485,4.041221540643375
