,meeting,MeanPortion,MinPortion,MaxPortion,StdDevPortion,meanOverlap,stdOverlap,overlaps/turns,pairsOverlap,meanPauseTime,stdPauseTime,pauseFreq,meanLSM,stdLSM,minLSM,maxLSM,meanWPS,stdWPS,minWPS,maxWPS
0,IN1012.,0.3235176518399076,0.12646333949476307,0.6032629357244916,0.20372479847375902,0.2962846312887651,0.33139227929520937,0.7767665952890792,1.0,1.0335833333333357,0.8940191525342225,0.03905004262962987,0.6046807723510089,0.17513977814102463,0.33634633412298576,0.8289229212381574,3.566480761782292,0.3277359604096578,3.250177106651587,4.010310166007419
