,meeting,MeanPortion,MinPortion,MaxPortion,StdDevPortion,meanOverlap,stdOverlap,overlaps/turns,pairsOverlap,meanPauseTime,stdPauseTime,pauseFreq,meanLSM,stdLSM,minLSM,maxLSM,meanWPS,stdWPS,minWPS,maxWPS
0,IS1000a,0.21044402328414813,0.08816163530526568,0.48800595640990957,0.18633707807222036,0.26301204819277263,0.3556348848918984,0.5341055341055341,0.8333333333333334,2.91314516129032,3.789809049169021,0.08186709800944111,0.5899926037398073,0.19089300335873627,0.36186626023625296,0.8121696482623394,3.6799291447412585,0.4567813971964781,3.024612799280414,4.064082708932567
1,IS1000b,0.26104270092739346,0.20912870554063137,0.3020579217648012,0.04655878074752884,0.25773124147339377,0.42356107754767974,0.5949675324675324,1.0,1.29192307692306,1.3462541176780767,0.045036462212676036,0.8071555345991935,0.06794276285304142,0.7141807634719619,0.9050972659549882,3.579427093493194,0.6816221678339581,2.9926780109214186,4.564179843373439
2,IS1000c,0.2469172494424111,0.2110754017542526,0.3109199149308123,0.04711468482783455,0.2138850415512486,0.22711794811437605,0.59375,1.0,2.7161168831168956,4.989213523017811,0.03671647868942199,0.8174762178701522,0.05064313504331516,0.7590313688656428,0.8890365052709913,3.547655858989468,0.8788399572777613,2.9185661945909005,4.848419360676612
3,IS1000d,0.24395337409914833,0.22496334196487017,0.2855114965837829,0.02818311949998333,0.21764053840063347,0.2143322819907293,0.5756608933454876,1.0,1.5906866952789653,2.0881852479761736,0.09060824185011919,0.8545968260359115,0.03354474939353208,0.8085605403190497,0.8920541597495174,3.931944001577959,0.677062046274787,3.5283253800731584,4.9435865115119375
