,meeting,MeanPortion,MinPortion,MaxPortion,StdDevPortion,meanOverlap,stdOverlap,overlaps/turns,pairsOverlap,meanPauseTime,stdPauseTime,pauseFreq,meanLSM,stdLSM,minLSM,maxLSM,meanWPS,stdWPS,minWPS,maxWPS
0,ES2016a,0.22611926143700287,0.09489556964333905,0.4251114337197346,0.14063093330600762,0.2737050359712216,0.3161711585372614,0.5685071574642127,0.6666666666666666,2.9839189189188993,4.308976555081258,0.0535572121299848,0.6133170674993995,0.19859647226969576,0.3716158208934538,0.8576673464525902,3.6121164797706866,0.5244876536144242,3.000213882277761,4.218086540743365
1,ES2016b,0.2203980130732079,0.1336070170152573,0.38436236723830536,0.11215207630195358,0.27175627240142486,0.27025327466935034,0.5091240875912408,0.5,4.14847826086958,6.9953950213706175,0.03823726221202561,0.7375614768623936,0.09849230917641985,0.5907179261163087,0.8505955298240946,3.541549099995386,0.503943276508601,3.012827949261567,4.211985502436529
2,ES2016c,0.22582006334403742,0.11408964940834929,0.35817094092288787,0.10642231808071607,0.3435410447761219,0.42212899207406496,0.551440329218107,0.8333333333333334,4.744521739130432,9.243934043800733,0.02993297616207188,0.6749412431990922,0.11819626595536907,0.45617419270166804,0.7883671925893955,3.7411469590631024,0.6223723407177602,3.198520927949747,4.378776320964374
3,ES2016d,0.23825743457309437,0.16469210084928496,0.41305476425015286,0.11762912022186206,0.2789537223340046,0.3575280722556385,0.5772357723577236,0.8333333333333334,1.9601709401709475,2.694901630507824,0.07714624818673349,0.7235700377735768,0.12506093495172121,0.5139448320144323,0.8815055019795273,3.7618992539871767,0.6316787861680204,3.3315287269024587,4.6819537217802445
