,meeting,MeanPortion,MinPortion,MaxPortion,StdDevPortion,meanOverlap,stdOverlap,overlaps/turns,pairsOverlap,meanPauseTime,stdPauseTime,pauseFreq,meanLSM,stdLSM,minLSM,maxLSM,meanWPS,stdWPS,minWPS,maxWPS
0,ES2012a,0.24663111623549772,0.08793373281375007,0.5779716668237241,0.22660927714764298,0.2475862068965532,0.26890315272831883,0.46215139442231074,0.16666666666666666,1.6717142857142802,1.6755235980824248,0.03175766902338816,0.5678699277088606,0.15332383171658218,0.37528265102996905,0.7187908585500898,3.378662487367835,0.5730898270022439,2.585962980525913,3.956212541538817
1,ES2012b,0.23952208912577594,0.11058299906588263,0.5057878638020403,0.1833340149642318,0.2631904761904735,0.3006608662136165,0.5753424657534246,0.6666666666666666,3.038800000000005,6.367691881042281,0.03365870077415012,0.6443408199946669,0.1669781974663218,0.4141927452098992,0.8411894827053705,4.213892260869634,0.6229206810631027,3.6534902381891223,4.961716506370093
2,ES2012c,0.24468728877034646,0.12296534463545182,0.5149710444107494,0.18288304502733782,0.21983783783783478,0.23518960683701579,0.663558106169297,0.6666666666666666,3.6157317073170647,11.521145779620994,0.03718955789779221,0.6208582633653965,0.168701455686913,0.4194574990633001,0.8082910873747149,4.429995533650146,0.5383251290652302,3.773427381726123,5.09119364687195
3,ES2012d,0.2585807158665303,0.09605677562138222,0.6224570139598227,0.2443402734048303,0.24214912280701567,0.257177844394846,0.6836581709145427,0.5,2.3559090909090856,2.7887109284947695,0.04641301252096497,0.557882635767061,0.1481825324640604,0.33565755926575735,0.6817504551952787,3.9124674455823887,0.5947345555570361,3.433636873543475,4.755217881550706
