,meeting,MeanPortion,MinPortion,MaxPortion,StdDevPortion,meanOverlap,stdOverlap,overlaps/turns,pairsOverlap,meanPauseTime,stdPauseTime,pauseFreq,meanLSM,stdLSM,minLSM,maxLSM,meanWPS,stdWPS,minWPS,maxWPS
0,IS1009a,0.24083607496303802,0.09086671017755121,0.579831373123593,0.2314168349712878,0.22509749303621274,0.22064007691528625,0.6287215411558669,0.5,2.2605454545454604,3.514869165776339,0.06826192722037432,0.46814142734643027,0.21980188297276673,0.1770660916017976,0.7097424046095311,3.443722964150984,0.32157456548288466,2.9990894460927207,3.7015171505602953
1,IS1009b,0.2569700640336151,0.1795705626313095,0.29894751656128393,0.053059125923654256,0.20821470245040694,0.21557185548453175,0.6507213363705391,0.8333333333333334,2.4587301587301535,4.321851638742542,0.031081947802062262,0.8117801443964792,0.09039652984794386,0.6755807527451719,0.9100465703045718,3.7731062105185917,0.4067395518315908,3.3239895146016045,4.287917308961604
2,IS1009c,0.24163783984676518,0.13424626204294002,0.3379341890848798,0.08646281859265845,0.22380664652567972,0.20894397991703237,0.5364667747163695,0.6666666666666666,2.2698387096774146,2.676696331720777,0.034652552272257275,0.7520643922064678,0.1244134925273608,0.5677695617719523,0.90250352245755,3.4099417148625104,0.7130692586718048,2.759491865740686,4.404083187581788
3,IS1009d,0.2504943356817593,0.10509072981440654,0.41919135694481974,0.16195432209862037,0.23990867579908715,0.23507910747049945,0.5544303797468354,0.8333333333333334,1.8310679611650464,2.0093696761263375,0.053485654939633906,0.5423100899555088,0.2232942890460013,0.3870573164643505,0.8876141338577235,3.3817549050957223,0.27219270815861024,3.0682856040414883,3.724430889554726
