,meeting,MeanPortion,MinPortion,MaxPortion,StdDevPortion,meanOverlap,stdOverlap,overlaps/turns,pairsOverlap,meanPauseTime,stdPauseTime,pauseFreq,meanLSM,stdLSM,minLSM,maxLSM,meanWPS,stdWPS,minWPS,maxWPS
0,ES2007a,0.20557085054019122,0.09921161306469793,0.39957452133650434,0.1326940012574683,0.2675531914893635,0.32038684192288996,0.48205128205128206,0.5,2.6546902654867224,2.8521916951193824,0.09367953309457487,0.7122016602332988,0.1129106263526036,0.5699656889809461,0.8183016967076936,3.710704358816078,0.2949915889865979,3.4210406808257647,4.122377275654401
1,ES2007b,0.24154162036239152,0.14624623375388512,0.42642523072900246,0.12590166101726671,0.31014556962025475,0.5560010398862041,0.5910224438902744,0.6666666666666666,2.646818181818187,4.257039710056616,0.05229597142738288,0.6517050598398498,0.13071388659841285,0.419742071153251,0.7851082407265318,3.777764070503238,0.5234140755498974,3.314521848829056,4.42242745581766
2,ES2007c,0.23605845847702728,0.1737396392826125,0.35094479624273806,0.08085242511558362,0.2619460227272717,0.31372998952665826,0.5842323651452282,1.0,2.4142191780821833,4.30173282245278,0.061412401098693094,0.7522546149710094,0.08700905286432922,0.6591062562846214,0.8724915795210147,3.814076887653221,0.5154753927013687,3.1667425685734827,4.4038599535032645
3,ES2007d,0.24695972750951736,0.045826487677820195,0.46371468643558444,0.17086868261941585,0.26671772428883944,0.31211107934106075,0.557997557997558,0.6666666666666666,1.6536595744680729,1.7555765683004054,0.07533439656346923,0.4957636523533969,0.3215986571657077,0.15418498417568988,0.8591218022138652,4.167028502748743,0.7318227111613346,3.291756553011408,4.919043020765251
