,meeting,MeanPortion,MinPortion,MaxPortion,StdDevPortion,meanOverlap,stdOverlap,overlaps/turns,pairsOverlap,meanPauseTime,stdPauseTime,pauseFreq,meanLSM,stdLSM,minLSM,maxLSM,meanWPS,stdWPS,minWPS,maxWPS
0,IB4005.,0.2637802903100817,0.07129089626531296,0.48924501495265854,0.1881668362747644,0.23891454965358117,0.24263576659913214,0.5843454790823212,1.0,1.1899999999999986,0.9702799272657917,0.05116639510392243,0.4693897031116564,0.26234979285374127,0.196298768832858,0.9203488366440465,3.8584136275641288,0.4328810048137605,3.442880571959326,4.306774644779369
