,meeting,MeanPortion,MinPortion,MaxPortion,StdDevPortion,meanOverlap,stdOverlap,overlaps/turns,pairsOverlap,meanPauseTime,stdPauseTime,pauseFreq,meanLSM,stdLSM,minLSM,maxLSM,meanWPS,stdWPS,minWPS,maxWPS
0,ES2002a,0.22711821194867038,0.021160873629642325,0.4656808588991822,0.2125571807201892,0.25679487179487426,0.25174627961178625,0.5611510791366906,0.16666666666666666,2.7676470588235262,4.569322794347808,0.061291630988327545,0.3953919180768288,0.26828358194503055,0.12308449051975279,0.8186993951427796,4.036241858486269,0.23499567709715422,3.735296577116784,4.278705380369736
1,ES2002b,0.25827666032920704,0.0962519116970291,0.3347991614099846,0.11085827295663506,0.24849206349206454,0.2515795603627859,0.6163522012578616,0.8333333333333334,2.98475409836065,6.6494339625157535,0.02816485211144047,0.7251038890094638,0.17597992479255178,0.5436606361984739,0.9058366861047396,4.322266158491178,0.3815588121028823,4.050577887357862,4.864287143033449
2,ES2002c,0.2482876712328766,0.10098167974464682,0.3542442479053059,0.106392434364168,0.23370454545454541,0.22584066987688547,0.6039807824296499,0.5,2.7774725274725296,5.580047111192319,0.037820539462200244,0.7136219004199191,0.15479357250088546,0.4932831802798547,0.8893379486531879,4.224153857252881,0.29454247999141814,3.9744773064685868,4.574908384471312
3,ES2002d,0.26479392941274504,0.07716233400737943,0.36448122745940026,0.13426386127505766,0.24923452768729507,0.26711577979869144,0.5767966181305777,1.0,1.3153797468354518,1.8106688900503336,0.06580975150571045,0.6759556521557311,0.23395274541017522,0.45705480956367217,0.9244790838679342,4.340288133542193,0.21846227347534442,4.0926634512022675,4.559472021291787
