,meeting,MeanPortion,MinPortion,MaxPortion,StdDevPortion,meanOverlap,stdOverlap,overlaps/turns,pairsOverlap,meanPauseTime,stdPauseTime,pauseFreq,meanLSM,stdLSM,minLSM,maxLSM,meanWPS,stdWPS,minWPS,maxWPS
0,IN1009.,0.2673136360133904,0.15504148080923996,0.5000898964906122,0.1578566097495919,0.327972665148064,0.39550584820382545,0.6139860139860139,0.8333333333333334,1.156470588235287,0.7462074042758405,0.07078791109038367,0.7590477972936722,0.09283953758363489,0.6395137392284155,0.8903772389368587,3.1245070245719897,0.27038578274434855,2.8148514074705786,3.45380826597181
