,meeting,MeanPortion,MinPortion,MaxPortion,StdDevPortion,meanOverlap,stdOverlap,overlaps/turns,pairsOverlap,meanPauseTime,stdPauseTime,pauseFreq,meanLSM,stdLSM,minLSM,maxLSM,meanWPS,stdWPS,minWPS,maxWPS
0,IN1008.,0.14095826096314912,-0.05482067639840076,0.30571856493287175,0.15565027649842048,0.29040415486307797,0.2951148746598264,0.5721231766612642,0.6666666666666666,1.1437472527472574,1.4819943416165782,0.053717105651511755,0.6633330810483934,0.1590460519384903,0.43669071971257917,0.8797741223674973,3.1688446277801434,0.13355061592823667,2.991995186629503,3.310787244846021
