,meeting,MeanPortion,MinPortion,MaxPortion,StdDevPortion,meanOverlap,stdOverlap,overlaps/turns,pairsOverlap,meanPauseTime,stdPauseTime,pauseFreq,meanLSM,stdLSM,minLSM,maxLSM,meanWPS,stdWPS,minWPS,maxWPS
0,TS3006a,0.24038461538461547,0.12378705973206204,0.39437766511097033,0.11295604991005337,0.27514981273408345,0.30244636699116517,0.5510835913312694,0.6666666666666666,1.9234399999999956,2.223628284670598,0.10187283010871868,0.7313229227697732,0.08574017945612418,0.5716087693578176,0.8130417567063102,3.3124445951467254,0.34636615733046927,2.908421977610352,3.7233307675283167
1,TS3006b,0.2827453073416808,0.17834899346191424,0.45437199512764137,0.12325770346608253,0.25938639125151963,0.28732760736571455,0.6434714620797498,1.0,1.179165644171779,0.9703446012794396,0.06946545691650083,0.7124520639713117,0.1407337753051974,0.5490549500078803,0.8718503534177123,3.490181154396519,0.09445905371067288,3.365515593559266,3.594499356379023
2,TS3006c,0.2813890438802758,0.20038659280219923,0.39994221035431027,0.09336931381887756,0.25658148779102924,0.28835849349506165,0.6500553709856035,1.0,1.209271186440685,1.4301255685949916,0.06849871710029838,0.7812915196016958,0.08553431140047145,0.6525893217658448,0.878894233030255,3.534983392184675,0.027624673928729318,3.504600255085642,3.5619938760837973
3,TS3006d,0.27652082739525197,0.14721690622582415,0.43241785088969287,0.11856572777027362,0.27158823529411663,0.3039122143811203,0.6327420761849375,1.0,1.3925478927203103,1.435826750116921,0.08848957450415325,0.7056103689625887,0.12031149056152787,0.5123533246002818,0.8686411707585824,3.668197613986657,0.23299764575344661,3.3277153831369595,3.853787099829331
