,meeting,MeanPortion,MinPortion,MaxPortion,StdDevPortion,meanOverlap,stdOverlap,overlaps/turns,pairsOverlap,meanPauseTime,stdPauseTime,pauseFreq,meanLSM,stdLSM,minLSM,maxLSM,meanWPS,stdWPS,minWPS,maxWPS
0,TS3003a,0.20079190391884805,0.02211315647365207,0.6469345765005845,0.29897154890947686,0.2587455621301844,0.24597026121023444,0.44473684210526315,0.3333333333333333,4.223734939759039,7.08502366053563,0.05621820792608999,0.2640966873679398,0.1688581624961452,0.0570621976096281,0.49385002589570903,3.032646102910097,0.9167413366942148,2.3322892856549897,4.3730799453796685
1,TS3003b,0.2412331222368263,0.08662922690883026,0.4022129286653124,0.14472593615726378,0.2107017543859615,0.17339318108328555,0.5261538461538462,0.3333333333333333,1.663939393939399,2.0940488163528936,0.04606022257788365,0.5444004920430923,0.2019430247786509,0.36356222118647796,0.8828838013816617,3.249512339415632,0.43974017008937233,2.680117888884577,3.6954585987841675
2,TS3003c,0.2279480766676995,0.09975654021512972,0.3530742331016778,0.10455385485548768,0.2728527607361982,0.28356004347209346,0.49319213313161875,0.5,2.4776612903225828,3.889841702397276,0.0543773790103317,0.6813582045439223,0.11451073959136539,0.4855707285560312,0.7990349522302812,3.04264885832485,0.4565782580597399,2.5081014020862953,3.5575631191169816
3,TS3003d,0.22242105141304827,0.09964268625846995,0.4841215329762759,0.17733694558841287,0.24772842639593448,0.2396896391263213,0.543448275862069,0.6666666666666666,2.2918577586206923,2.9924362342485016,0.08952136936825696,0.6323801542769582,0.1630764431669286,0.4113505134684666,0.8389928156547105,3.391418425734556,0.40993786082890266,2.997457237560841,3.919809811107664
