,meeting,MeanPortion,MinPortion,MaxPortion,StdDevPortion,meanOverlap,stdOverlap,overlaps/turns,pairsOverlap,meanPauseTime,stdPauseTime,pauseFreq,meanLSM,stdLSM,minLSM,maxLSM,meanWPS,stdWPS,minWPS,maxWPS
0,IB4004.,0.24794439708321891,0.057101710955699006,0.5839345694194026,0.23671725123034376,0.2739802989130412,0.3032737088960954,0.694012258368694,0.6666666666666666,7.0001981981981904,42.73046467160484,0.04652160865855151,0.4904732502225766,0.23746286396755265,0.2277334443054269,0.8666422178321777,4.135277604116645,0.2524643780641053,3.7825137734964183,4.3689057312803
