,meeting,MeanPortion,MinPortion,MaxPortion,StdDevPortion,meanOverlap,stdOverlap,overlaps/turns,pairsOverlap,meanPauseTime,stdPauseTime,pauseFreq,meanLSM,stdLSM,minLSM,maxLSM,meanWPS,stdWPS,minWPS,maxWPS
0,ES2006a,0.23072183441874983,0.16579183402877998,0.4216823304605545,0.12731092285611723,0.35175373134327953,1.1213402824353726,0.536,0.5,2.9590144927536173,4.279265671930566,0.05381585617907421,0.7281128054344594,0.14638546614435313,0.5252383208912073,0.8828511557285164,3.390526213652632,0.34860555892723455,3.0417946886063665,3.865345485813033
1,ES2006b,0.2608154171875069,0.2186838378759851,0.29127248070775863,0.03340293041636199,0.24220705346985105,0.22885402912606298,0.6545048399106478,0.8333333333333334,2.2031428571428386,3.3888318464692073,0.03211333253814605,0.8831673624610026,0.029083775567666593,0.839038663392048,0.9201411410455594,3.7539829394627744,0.28367501009100365,3.535359146764586,4.142165910185298
2,ES2006c,0.2643236037755761,0.19848389598351682,0.41947074020199404,0.10396802878145621,0.2581764705882348,0.2787300778168854,0.6421052631578947,1.0,2.0880999999999936,3.2983236314494313,0.045837076694596725,0.8009997361238654,0.07496633728833739,0.6922909887823461,0.8999833454148902,3.772105616571552,0.4075929992433622,3.3808974199548048,4.33922434442645
3,ES2006d,0.27447230055073135,0.2047962497327778,0.3668929992975879,0.07034541864683683,0.25408923705722064,0.3328728120539945,0.6588868940754039,1.0,1.9184328358209048,2.6794781291003766,0.06811261964184961,0.856933565177479,0.05273460923021073,0.7994223562740961,0.9338447283846043,3.942237537201028,0.4382285927291002,3.4536420843313573,4.504851399294628
