,meeting,MeanPortion,MinPortion,MaxPortion,StdDevPortion,meanOverlap,stdOverlap,overlaps/turns,pairsOverlap,meanPauseTime,stdPauseTime,pauseFreq,meanLSM,stdLSM,minLSM,maxLSM,meanWPS,stdWPS,minWPS,maxWPS
0,IN1005.,0.27210807906941037,0.06493734308361908,0.534807570724291,0.2339576793568016,0.2346557971014495,0.2807845329543911,0.6852886405959032,0.8333333333333334,1.0360317460317499,0.5848229389684313,0.0227501706262797,0.4323133866332346,0.3155559263458742,0.18715411686203398,0.8457675266970556,3.462149702113075,0.40683257112976307,3.0647124729405455,4.03019399917846
