,meeting,MeanPortion,MinPortion,MaxPortion,StdDevPortion,meanOverlap,stdOverlap,overlaps/turns,pairsOverlap,meanPauseTime,stdPauseTime,pauseFreq,meanLSM,stdLSM,minLSM,maxLSM,meanWPS,stdWPS,minWPS,maxWPS
0,TS3005a,0.22515049476643556,0.12756714687336182,0.42890611350243885,0.1390988603668332,0.262650000000001,0.2761423800054722,0.5856515373352855,0.8333333333333334,3.178987341772148,5.2242608592487745,0.061906403786477764,0.5623632536116522,0.19243069851972552,0.3485096118331059,0.8093596223323493,3.5929346138880045,0.4554475377733705,3.0559254242814133,4.031520347012718
1,TS3005b,0.2619328374123458,0.16757613390702933,0.35184883190954624,0.07666721077303114,0.2195947901591872,0.2182382442859192,0.6528105810108644,1.0,1.4493589743589872,3.0885398323661724,0.06485677462270818,0.7771812151870815,0.06673128879270947,0.6630170930835384,0.8519071447318798,4.117592147440739,0.21657389651108133,3.794201074432407,4.250035320037844
2,TS3005c,0.25958920927302065,0.1443628041435795,0.35397587235698535,0.08671832516306283,0.21857190357440123,0.23992395933887925,0.6606260296540363,1.0,1.654687500000004,1.9165614458165878,0.054019379452378544,0.7484184349790612,0.10961311817717728,0.6177166542917855,0.8610795808711473,4.0989133278630705,0.15513208378770285,3.884655428206732,4.2224715147356715
3,TS3005d,0.28565362289718027,0.26603678441572215,0.32563421079570565,0.027039579051266388,0.20917558886509607,0.2356799059500943,0.6877761413843888,1.0,1.2772916666666712,1.2924501391826857,0.0909428499973475,0.8119706187949328,0.031054580591276953,0.771511329695024,0.8537917058252631,4.354574988890942,0.2965512613432205,3.985971437617234,4.619359585354445
