,meeting,MeanPortion,MinPortion,MaxPortion,StdDevPortion,meanOverlap,stdOverlap,overlaps/turns,pairsOverlap,meanPauseTime,stdPauseTime,pauseFreq,meanLSM,stdLSM,minLSM,maxLSM,meanWPS,stdWPS,minWPS,maxWPS
0,ES2015a,0.23590580046403703,0.12278422273781904,0.5104501160092806,0.1851352672054103,0.4005970149253706,0.46137798147619585,0.5461956521739131,0.5,2.8530158730158792,4.144187392590407,0.05526267313444619,0.5967608645026309,0.14666694414630213,0.3747606474652196,0.8040017947743497,3.681224500301558,0.39518381722629825,3.2100103226126295,4.175993940651459
1,ES2015b,0.2630831920604647,0.1588701702338059,0.3099173553719008,0.07099799290723113,0.28846491228070364,0.27817945640178254,0.6225255972696245,1.0,2.169578947368425,3.585388763688832,0.041474754971513386,0.7419798198521128,0.15095574768992995,0.5663976488399284,0.9080867160952769,4.169578148213358,0.6277487277415433,3.7053798504188813,5.042471935133866
2,ES2015c,0.26080875479329185,0.15831218879371162,0.4080403304271513,0.1106812578312055,0.304039580908029,0.3214548126358084,0.5986062717770034,1.0,2.0382608695652165,3.086180930918928,0.053843740782185685,0.7351568702168865,0.1429287632961414,0.5440709038368465,0.8930207450720528,4.033110369968354,0.748154438184113,3.1658418991155273,4.960602028659736
3,ES2015d,0.28998728781873895,0.2535599448782728,0.32572026791723163,0.033739182564784406,0.28665475339528235,0.3349130780468939,0.650092936802974,1.0,1.5720689655172522,2.1301479788684663,0.07510229450458383,0.8360367225334727,0.044720024113390544,0.7754914619061649,0.8749197046820708,3.9711271061959543,0.5566506921443035,3.3501208263142916,4.701738914116299
