,meeting,MeanPortion,MinPortion,MaxPortion,StdDevPortion,meanOverlap,stdOverlap,overlaps/turns,pairsOverlap,meanPauseTime,stdPauseTime,pauseFreq,meanLSM,stdLSM,minLSM,maxLSM,meanWPS,stdWPS,minWPS,maxWPS
0,IS1002b,0.255543987043266,0.09588071973944112,0.3772803317493362,0.11695490795661644,0.18972701149425322,0.18201212755935345,0.6115992970123023,0.6666666666666666,1.3717460317460406,1.4546228196213071,0.02693781213655333,0.673722607496488,0.21275566956045894,0.4217631487845236,0.9134455318259644,4.05351125774785,0.0874752132444996,3.993177212439825,4.181439637536393
1,IS1002c,0.2530385756386985,0.10891055292074107,0.34566816948689383,0.10145199365075135,0.20356557377049156,0.2302440085903149,0.6177215189873417,0.6666666666666666,1.2821495327102863,1.1972397720459569,0.05203495581891836,0.6725754303389013,0.21313945461808967,0.4329822163514011,0.8852486161572499,4.0251128685547926,0.37865146575441844,3.5638212457671994,4.355584394376381
2,IS1002d,0.24608742038472015,0.11945099549180939,0.3380180006738221,0.1078417047910312,0.30386422976501176,0.43282126021984557,0.5607613469985359,0.6666666666666666,1.6866265060240948,1.6201296824851217,0.06638990873387245,0.6216673277021332,0.17605395802491963,0.39505860072792953,0.8899586549669893,3.7341544612187647,0.34267937238692703,3.331592658090988,4.0457825217075545
