,meeting,MeanPortion,MinPortion,MaxPortion,StdDevPortion,meanOverlap,stdOverlap,overlaps/turns,pairsOverlap,meanPauseTime,stdPauseTime,pauseFreq,meanLSM,stdLSM,minLSM,maxLSM,meanWPS,stdWPS,minWPS,maxWPS
0,IS1006a,0.2815118181023609,0.16616514128032545,0.3968460088151931,0.12909118005810089,0.32808035714285605,0.44021895382757376,0.5981308411214953,0.8333333333333334,1.549999999999996,2.0908811231076116,0.07677589967949108,0.6720879669782682,0.1466717320918604,0.5166738651223873,0.8594246257990226,3.239380506158886,0.27855495155005006,2.9784527541305006,3.5111607021898643
1,IS1006b,0.26356622212111736,0.18182766040132342,0.35799186737566463,0.07328534220502142,0.28174834437085966,0.34126052064589146,0.6371308016877637,1.0,1.4155769230769215,1.4927935803844468,0.048698030071033564,0.664947926686233,0.1327827705818436,0.45414824880751437,0.8121432668185162,3.225319798895953,0.30277235837305627,2.842441136173003,3.5518492328748663
2,IS1006c,0.27511505189855445,0.19965523967168697,0.38782373996425895,0.08933304230930242,0.3460462287104662,0.5689379920395571,0.6372093023255814,1.0,1.4115740740740703,1.2445155661789618,0.056213402732595966,0.6612930909441386,0.10871628807586987,0.48123308906625617,0.8039670063305822,3.1339173898167094,0.354975080230901,2.770726411826773,3.501687236483499
3,IS1006d,0.3061013737298757,0.20773517322042076,0.44011763581256963,0.09801509475189492,0.3194099037138902,0.4761807577360916,0.6832706766917294,1.0,1.2355333333333327,0.8822093503288321,0.08287155461511687,0.7437073276167897,0.09812511697090283,0.6201635373039323,0.8839372296361996,3.460604491018908,0.34228562844877697,3.1668997540108816,3.9036621072994637
