,meeting,MeanPortion,MinPortion,MaxPortion,StdDevPortion,meanOverlap,stdOverlap,overlaps/turns,pairsOverlap,meanPauseTime,stdPauseTime,pauseFreq,meanLSM,stdLSM,minLSM,maxLSM,meanWPS,stdWPS,minWPS,maxWPS
0,TS3009a,0.26942400440029257,0.09564599110550626,0.6090112086717966,0.23150013913508202,0.2511561461794034,0.3151365610144533,0.6477761836441894,0.8333333333333334,1.4250679611650523,1.7456985076609661,0.06869276991923598,0.5602623030897862,0.1605639408983307,0.3110010796650199,0.6964273707599133,3.7490473579313406,0.3256846001511248,3.4994091286390354,4.186843292232525
1,TS3009b,0.28311070459797005,0.162867117645088,0.381124208834265,0.09249889752774239,0.22762702400893328,0.25880992664430824,0.7118441971383148,1.0,1.2257342657342927,1.087466683647346,0.05835519952989377,0.8155413489100558,0.10011030609353176,0.6838731389817612,0.9238432375791324,3.8510495544870107,0.43661779545765056,3.297586353372231,4.361373170799725
2,TS3009c,0.2785164544620799,0.21420627773049855,0.32805644834794456,0.057315593355765714,0.24364821029082695,0.2757643492959657,0.694368932038835,1.0,1.5618860759493598,2.002654089190471,0.06427990235964198,0.8334285526196431,0.09063063992277895,0.7149921210285543,0.9336631610770785,3.7362804789941597,0.3897675447039338,3.5098738216579193,4.319947398931147
3,TS3009d,0.29012448030093074,0.15934963373589464,0.4086171055236593,0.1290656908227875,0.25665286812537075,0.30497672355995503,0.6788438378161381,1.0,1.1816000000000018,1.0701508894424678,0.0730282375851996,0.6922714250686013,0.1611469427655496,0.5668080963397409,0.9062098429168471,4.239312610685105,0.14760155444036158,4.134058295989459,4.457722922267339
