,meeting,MeanPortion,MinPortion,MaxPortion,StdDevPortion,meanOverlap,stdOverlap,overlaps/turns,pairsOverlap,meanPauseTime,stdPauseTime,pauseFreq,meanLSM,stdLSM,minLSM,maxLSM,meanWPS,stdWPS,minWPS,maxWPS
0,IB4010.,0.28050451098688234,0.22015968340067507,0.35326147119056833,0.05985726819027225,0.22772076961026202,0.24353746836438409,0.6685356200527705,1.0,1.0787570621468927,0.7785633861977134,0.060247935572151155,0.9191562641717753,0.029761253939479218,0.8725483586115783,0.9470685823525028,4.212585460809192,0.46756121634848324,3.719271969319981,4.809511704159155
