,meeting,MeanPortion,MinPortion,MaxPortion,StdDevPortion,meanOverlap,stdOverlap,overlaps/turns,pairsOverlap,meanPauseTime,stdPauseTime,pauseFreq,meanLSM,stdLSM,minLSM,maxLSM,meanWPS,stdWPS,minWPS,maxWPS
0,ES2011a,0.22925891616489114,0.02276053728578029,0.4463362667901803,0.17345484792096805,0.30178191489361716,0.39724889298615274,0.6308724832214765,0.5,3.6693442622950836,5.064878369336705,0.05476893793152985,0.4967857736248401,0.3095637646717999,0.1576665889928091,0.7901763977612724,3.8056795729750945,0.8380197627828224,2.925563273025828,4.9405111773044625
1,ES2011b,0.25040974292040896,0.18600770134871022,0.2835732699562985,0.04517109917464546,0.21402826379542522,0.2129016970887294,0.6779197080291971,1.0,3.0910819672130976,5.196837443083647,0.038815676442702333,0.8022714402613056,0.03468639279525512,0.7427430239359921,0.8394874478336333,4.327495882076498,0.628033173455339,3.8318313762446605,5.2126474201286905
2,ES2011c,0.2649810054121564,0.18955557868442993,0.35250572439633615,0.06692795666507781,0.24806233062330624,0.2908261034235989,0.6672694394213382,1.0,1.8905128205128139,3.3581236634160034,0.04839099927413502,0.7728177370748139,0.040810834035489296,0.7008238305491452,0.8269812098456435,4.087697115316028,0.4400781423238008,3.7763297826127777,4.718721113873788
3,ES2011d,0.2280456998807558,0.1670833246166402,0.3357931842430072,0.07521755860420502,0.2765517241379313,0.3139259024079942,0.5671111111111111,0.8333333333333334,2.7700735294117584,7.521454892389973,0.06879040171571355,0.8438193699403937,0.029000091463474088,0.7919820417226532,0.8781728949801576,3.7476956892698996,0.7542329104848513,3.017197057126512,4.670804599097752
