,meeting,MeanPortion,MinPortion,MaxPortion,StdDevPortion,meanOverlap,stdOverlap,overlaps/turns,pairsOverlap,meanPauseTime,stdPauseTime,pauseFreq,meanLSM,stdLSM,minLSM,maxLSM,meanWPS,stdWPS,minWPS,maxWPS
0,IN1002.,0.2784401052004763,0.23059332407039898,0.355543701204182,0.05477978782634425,0.2724211356466877,0.3329242693923181,0.6604166666666667,1.0,1.1007964601769968,0.873735966158396,0.046034888742229066,0.8207673783173628,0.041990948367140075,0.7910546273230876,0.9031520056381245,3.7667404223984526,0.45249612275606094,3.0891760095817413,4.0292450373249356
