,meeting,MeanPortion,MinPortion,MaxPortion,StdDevPortion,meanOverlap,stdOverlap,overlaps/turns,pairsOverlap,meanPauseTime,stdPauseTime,pauseFreq,meanLSM,stdLSM,minLSM,maxLSM,meanWPS,stdWPS,minWPS,maxWPS
0,IS1001a,0.22109473518285014,0.04752522068095843,0.5978877679697358,0.25624891429299657,0.3126108374384255,0.4323199920493283,0.5456989247311828,0.3333333333333333,2.868196721311472,4.56501132097783,0.06757954444739875,0.316777766787985,0.19723749267336357,0.06132987032896345,0.5840405782834743,3.3309727719457323,0.7064776131599113,2.641212611701815,4.155681585471861
1,IS1001b,0.24399871599312623,0.17032399451642188,0.39882412002085277,0.10672111714882716,0.25625441696113255,0.2585057790694743,0.5354777672658467,0.6666666666666666,1.4778378378378447,1.9223057089939377,0.07060597097522113,0.7279554441566696,0.10931493730415665,0.5989594172143564,0.8772904384956819,3.112205744368201,0.5366475690989025,2.3852202292490015,3.66104102967152
2,IS1001c,0.2403535190563265,0.09694166577032039,0.41449213007780344,0.13580840306236885,0.2341604010025062,0.23747252543721478,0.5428571428571428,0.6666666666666666,1.5779999999999967,1.5987823649593564,0.07012917794577611,0.6145596754931859,0.19416586987644407,0.386704541797584,0.8944775297024847,3.4703233908249445,0.6998624264214189,3.000819223972111,4.501468760195929
3,IS1001d,0.24654904378358827,0.054907058713162066,0.5274133240414383,0.21218243614069024,0.28758865248227017,0.3560856802592924,0.5212569316081331,0.5,1.6072727272727287,2.0652051829182603,0.08779397680110673,0.5001950319550102,0.20253667861410218,0.21673260761115212,0.7491298713796035,3.5513421706550723,0.6688709825110356,2.9810301429063717,4.463293581352255
