,meeting,MeanPortion,MinPortion,MaxPortion,StdDevPortion,meanOverlap,stdOverlap,overlaps/turns,pairsOverlap,meanPauseTime,stdPauseTime,pauseFreq,meanLSM,stdLSM,minLSM,maxLSM,meanWPS,stdWPS,minWPS,maxWPS
0,ES2004a,0.23832568872953377,0.1056957860909535,0.39944882565535406,0.13047273150359334,0.288032407407409,0.3201813129982149,0.6008344923504868,0.6666666666666666,3.062615384615389,5.000954682896517,0.06196141233890033,0.6068396281053524,0.17014973244411719,0.36156842126403604,0.815993791458907,3.6419241557544364,0.11744592038568667,3.492242805252846,3.7607924599248124
1,ES2004b,0.25046012204443635,0.13982585821835608,0.3441371270449271,0.08450540561098993,0.24771712158809,0.23315710456331706,0.6078431372549019,1.0,2.5280851063830045,4.50416778956445,0.04013714949380223,0.7973742564731097,0.09201632832132875,0.6791125723632505,0.9052181028671851,4.0631525841167635,0.6706737351585703,3.2214103323299366,4.85663367535581
2,ES2004c,0.2528208185198365,0.17321605475668606,0.35648455894020414,0.0817892213720756,0.2338410596026475,0.23006420701821656,0.6274238227146814,0.8333333333333334,2.076666666666668,3.700462461626459,0.046316349242427494,0.8248252940747502,0.059811772717488686,0.7293838623259048,0.8871809070373258,3.8723395311486395,0.5861594374515258,3.415824902725279,4.666383529969208
3,ES2004d,0.23863288063933066,0.08867198240307884,0.31310258409696384,0.1016349518299324,0.23924440298507507,0.26311409511112405,0.6261682242990654,1.0,2.453674846625775,5.452816085090363,0.0733490831364608,0.6849335857701162,0.18496500531110296,0.4646972974410871,0.909542802462777,4.205034761712952,0.21506428123456997,3.888053668867756,4.360493765323548
