,meeting,MeanPortion,MinPortion,MaxPortion,StdDevPortion,meanOverlap,stdOverlap,overlaps/turns,pairsOverlap,meanPauseTime,stdPauseTime,pauseFreq,meanLSM,stdLSM,minLSM,maxLSM,meanWPS,stdWPS,minWPS,maxWPS
0,IN1013.,0.24650655237618346,-0.048625944642468694,0.5806545128708566,0.2977110988421326,0.6146721369960765,17.161461744802104,0.754711900915455,0.8333333333333334,1.134526315789495,1.5647756745087007,0.03098166211725418,0.4413233896708296,0.2887949644526017,0.11578436128063638,0.7591911936115526,3.911577447779119,0.33331198757250485,3.484702011047643,4.258009066935215
