,meeting,MeanPortion,MinPortion,MaxPortion,StdDevPortion,meanOverlap,stdOverlap,overlaps/turns,pairsOverlap,meanPauseTime,stdPauseTime,pauseFreq,meanLSM,stdLSM,minLSM,maxLSM,meanWPS,stdWPS,minWPS,maxWPS
0,EN2009b,0.39421988295703864,0.26551207790111714,0.5008455427433969,0.11921063615905966,0.31534545454545543,0.4629004524736976,0.7497273718647764,1.0,1.0332954545454545,0.7015196666792188,0.03945091499224431,0.8165552334664181,0.06399908381023135,0.7697339709005921,0.8894806075776596,4.253646562926864,0.9036901749541785,3.4340114400027786,5.222753522876513
1,EN2009c,0.22167691383214505,-0.15778552586461567,0.4842965442551928,0.33661035003630624,0.2773487031700261,0.340570625981839,0.6999495713565305,1.0,1.3037769230769323,1.5907108413720785,0.04412493466115445,0.7692013378778428,0.06370392178687825,0.7241331237665971,0.8420825571510089,4.443483930757346,0.8055415118787479,3.7165113986005944,5.309494156938222
2,EN2009d,0.2088370551577107,-0.15341406939422492,0.46284488211728203,0.26777499858259285,0.22787924208144808,0.29858552608817646,0.7305785123966942,1.0,1.9087545454545514,2.3415674556849027,0.042951468744997126,0.6364624652599757,0.18196883874342978,0.46250164239560604,0.8789868334397202,4.260226799024083,0.5766880411682364,3.709524393211779,5.020538395737305
