,meeting,MeanPortion,MinPortion,MaxPortion,StdDevPortion,meanOverlap,stdOverlap,overlaps/turns,pairsOverlap,meanPauseTime,stdPauseTime,pauseFreq,meanLSM,stdLSM,minLSM,maxLSM,meanWPS,stdWPS,minWPS,maxWPS
0,ES2010a,0.21866352403629596,0.08493146277109259,0.5836282901087585,0.24347574371282504,0.2554193548387104,0.29427489293171194,0.5575539568345323,0.16666666666666666,3.9122580645161245,6.876894507298785,0.048379293662312535,0.5037498791049988,0.24661136441462433,0.24753510895389588,0.7850462101987454,3.9953185020429305,0.7473651780452397,3.3345757776833134,5.044681788663713
1,ES2010b,0.24214568582743284,0.15288011520460754,0.3996699867994717,0.10855690672317644,0.20740402193784171,0.21019489347714335,0.5913513513513513,0.5,2.0575000000000125,2.555601395753249,0.047947121174932786,0.7302755133715263,0.10550269886123231,0.5474806881186434,0.8652759030559877,4.118774197385768,0.30993296693412453,3.6568415470186997,4.308226923308039
2,ES2010c,0.24876329802016547,0.2052980868637246,0.2849694854208121,0.03562435059332203,0.24267062314540314,0.27510795632801105,0.5985790408525755,1.0,2.1502222222222276,3.1258940214294624,0.04911484141363428,0.8163571052324781,0.05353838046807852,0.7347183599735139,0.8641044552795054,4.23586278443994,0.14950932322572982,4.0939841415772005,4.38337255623739
3,ES2010d,0.26292049486509833,0.16905116172599238,0.43120688399388224,0.11966549957417841,0.2672482014388492,0.3582019404985668,0.5959271168274384,0.8333333333333334,1.9030882352941147,2.619734096882162,0.0701624053323428,0.7696469394774889,0.09691649974650018,0.6392355809600825,0.8757668223345314,4.553119907861242,0.6023830494721462,3.821081510296624,5.10582256374276
