,meeting,MeanPortion,MinPortion,MaxPortion,StdDevPortion,meanOverlap,stdOverlap,overlaps/turns,pairsOverlap,meanPauseTime,stdPauseTime,pauseFreq,meanLSM,stdLSM,minLSM,maxLSM,meanWPS,stdWPS,minWPS,maxWPS
0,EN2004a,0.27765088302302937,0.06902526447156396,0.6715589673637008,0.2688086671406542,0.29626029654036007,0.433985005450343,0.6550359712230216,0.6666666666666666,1.8084578313253106,2.4023528633465268,0.048176966186154635,0.5044301304696017,0.21642089462009503,0.19165032357222914,0.8550945695911786,4.00972382788909,0.45632046939097254,3.359097162520615,4.3814650114214055
